id	mod	source_line	route	evidence	confidence	verdict	next_gate	label
MOD-001-01	MOD-001	20	DATA_HOOK	HOOKS_KIM+EDITOR_CMD	MEDIUM	SOURCE_ONLY	DEFINE_RULE	Criar um Overdrive próprio para Kimahri que reforce seu papel de Blue Mage.
MOD-001-02	MOD-001	21	DATA_HOOK	MONMAGIC	MEDIUM	RT0_PASS	DEFINE_MONSTERS	Adicionar habilidades inéditas a classes de monstros, reforçando identidade e função em combate.
MOD-001-03	MOD-001	22	HOOK	PE11	MEDIUM	NEEDS_SPEC	DEFINE_CONDITION	Dar multiplicadores de dano adicionais a certas habilidades quando condições específicas forem atendidas.
MOD-001-04	MOD-001	23	HOOK	PE11+MODEL_CPP	HIGH	MODEL_PASS	DEFINE_CAP	Usar um limite de dano maior para facilitar o balanceamento de lutas avançadas.
MOD-001-05	MOD-001	25	DATA	AEON7	HIGH	RT0_PASS	RT2_FINITE	Tornar os ataques de Bahamut elementais de Holy.
MOD-001-06	MOD-001	27	DATA	AEON7	HIGH	RT0_PASS	RT2_FINITE	Tornar Valefor elemental de Water.
MOD-001-07	MOD-001	38	DECISION	FORUM	LOW	NEEDS_SPEC	DEFINE_SCOPE	Definir nome e escopo do mod.
MOD-001-08	MOD-001	39	RESEARCH	LEDGER	HIGH	STATIC_PASS	ASTRA_REVIEW	Identificar quais ajustes são feitos em dados e quais exigiriam hook ou mudança de engine.
MOD-001-09	MOD-001	40	RESEARCH	EDITOR_CMD+PE11	MEDIUM	SOURCE_ONLY	RT2_FINITE	Localizar e confirmar o byte de associação personagem/comando e a flag do menu de Overdrive.
MOD-001-10	MOD-001	41	DECISION	HOOKS_KIM	LOW	NEEDS_SPEC	DEFINE_RULE	Definir como o Overdrive de Kimahri aprende ou seleciona habilidades e como se integra ao papel de Blue Mage.
MOD-001-11	MOD-001	42	DECISION	FORUM	LOW	NEEDS_SPEC	DEFINE_MONSTERS	Especificar quais classes de monstros recebem habilidades e quais condições ativam dano bônus.
MOD-001-12	MOD-001	43	DECISION	FORUM	LOW	NEEDS_SPEC	DEFINE_CAP	Definir o limite de dano desejado e comparar o efeito no ritmo das lutas avançadas.
MOD-001-13	MOD-001	44	DATA	AEON7	HIGH	RT0_PASS	RT2_FINITE	Verificar o impacto de Holy em Bahamut e Water em Valefor, incluindo compatibilidade com resistências, animações e efeitos existentes.
MOD-002-01	MOD-002	68	HOOK	PE11+MODEL_CPP	HIGH	MODEL_PASS	DEFINE_CAP	Manter o limite normal de dano em 99.999 e fazer Break Damage Limit elevar o teto para 9.999.999, em vez de remover o limite por completo. A lista apresenta esses valores como a proposta da Kari.
MOD-002-02	MOD-002	69	DATA_HOOK	EDITOR_GEAR+LUNA_IDA	MEDIUM	SOURCE_ONLY	MAP_EFFECT	Aplicar bônus percentuais de STR, MAG, DEF e MDF vindos de equipamentos quando o atributo correspondente for usado, sem vinculá-los apenas a ataques físicos ou mágicos.
MOD-002-03	MOD-002	70	HOOK	MODEL_CPP	MEDIUM	MODEL_PARTIAL	DEFINE_FORMULA	Calcular bônus percentuais de DEF/MDF por pontos de vida efetivos; o exemplo da lista diz que DEF +20% reduziria o dano em cerca de 16,6%, não 20%.
MOD-002-04	MOD-002	71	HOOK	PE11+LUNA_IDA	MEDIUM	SOURCE_ONLY	MAP_EFFECT	Fazer Shell e outros efeitos protetivos ou auto-habilidades deixarem de reduzir cura recebida.
MOD-002-05	MOD-002	72	HOOK	PE11+LUNA_IDA	MEDIUM	SOURCE_ONLY	MAP_CTB	Ajustar Haste para reduzir atrasos de turno em 33%, Slow para aumentá-los em 50%, e Protect/Shell/Power Break/Magic Break para reduzir dano em 33%.
MOD-002-06	MOD-002	73	HOOK	MODEL_CPP	HIGH	MODEL_PASS	RT2_FINITE	Reformular escala de defesa com `DefenseMultiplier = 1 / (1 + Defense * 0.05)`, fazendo cada 20 pontos de defesa dobrarem os pontos de vida efetivos. A proposta assume atributos menores que 100.
MOD-002-07	MOD-002	74	HOOK	MODEL_CPP	HIGH	MODEL_PASS	RT2_FINITE	Alterar Armor Break e Mental Break: em vez de zerar defesa, acrescentariam 25% do dano-base sem mitigação por defesa. Exemplos da lista: 60 DEF, 25% para 50% do dano; 20 DEF, 50% para 75%; 0 DEF, 100% para 125%.
MOD-002-08	MOD-002	75	HOOK	PE11+EDITOR_CMD	HIGH	SOURCE_ONLY	FORMULA_ID	Adicionar fórmulas mágicas novas que escalem como STR, mas respeitem MDF, e permitir novas fórmulas sem necessariamente substituir as originais ou as fórmulas não usadas.
MOD-002-09	MOD-002	78	HOOK	LUNA_IDA	MEDIUM	SOURCE_ONLY	MAP_TURN_END	Consumir Auto-Crit e MP-0 ao usar, removendo o efeito ao fim do turno para que todos os acertos de um mesmo ataque ainda recebam o benefício.
MOD-002-10	MOD-002	79	HOOK	PE11+MODEL_CPP	MEDIUM	MODEL_PARTIAL	DEFINE_ELEMENT_PAIR	Ao atingir uma fraqueza elemental, aplicar também x1,25 de dano do elemento oposto; exemplo: fraqueza a Ice aumenta dano de Fire.
MOD-002-11	MOD-002	80	HOOK	LUNA_IDA+MODEL_CPP	MEDIUM	MODEL_PASS	MAP_STATUS	Permitir que reaplicar um status já ativo renove sua duração.
MOD-002-12	MOD-002	81	DATA_HOOK	EDITOR_CMD+MODEL_CPP	MEDIUM	MODEL_PARTIAL	DEFINE_RANK	Substituir Doublecast por Quickcast: em vez de lançar duas vezes, transformar uma magia Black Magic em ação de rank 2 pelo dobro do custo de MP. Em 10/04/2025, Kari também sugeriu incluir White Magic em um submenu próprio de Doublecast/Quickcast.
MOD-002-13	MOD-002	82	HOOK	LUNA_IDA	MEDIUM	SOURCE_ONLY	DEFINE_STATUS	Rever a duração de Sleep e Poison: uma proposta torna Sleep não temporário (o personagem acorda ao chegar seu turno) e faz Poison durar uma quantidade definida de turnos antes de precisar ser reaplicado.
MOD-002-14	MOD-002	83	DATA_HOOK	MODEL_CPP	MEDIUM	MODEL_PARTIAL	MAP_DURATION_FIELD	Adicionar resistência à duração de status nos inimigos, além da resistência à chance de aplicação, para diferenciar habilidades de Attack Buster por quantidade de turnos em vez de apenas sucesso/falha.
MOD-002-15	MOD-002	84	HOOK	LUNA_IDA	MEDIUM	SOURCE_ONLY	MAP_THREATEN	Fazer Threaten funcionar apenas uma vez por inimigo.
MOD-002-16	MOD-002	85	HOOK	PE11	MEDIUM	SOURCE_ONLY	DEFINE_ACCURACY	Rever Accuracy e Luck: propostas incluem criar um resultado de acerto parcial com animação de esquiva atrasada, fazer críticos dependerem de Accuracy e usar Luck apenas para crítico ou diretamente na fórmula de acerto. Reequilibrar os monstros se a fórmula mudar.
MOD-002-17	MOD-002	86	RESEARCH	FORUM	LOW	NEEDS_SPEC	IDENTIFY_ATTACKS	Rever efeitos de ataques que deveriam sempre acertar, mas aparentemente podem errar; a conversa também pergunta se um patch de 4 GB faria parte de uma coleção de correções, sem decisão registrada.
MOD-002-18	MOD-002	87	DATA_HOOK	EDITOR_CMD	LOW	NEEDS_RE	MAP_STAT_CAPS	Limitar atributos a 100 e HP a 10.000, ou definir limites próprios para cada personagem.
MOD-002-19	MOD-002	88	HOOK	PE11+EDITOR_CMD	MEDIUM	SOURCE_ONLY	DEFINE_FORMULA	Considerar outros atributos no escalamento de armas; exemplo: garras de Rikku escalando com Agility. Como alternativa para o dano de Rikku, foi sugerido fazer seus itens de ataque escalarem com MAG. Os participantes alertam que Agility já é muito forte e que ampliar o uso de atributos pode desequilibrar o jogo.
MOD-002-20	MOD-002	89	HOOK	FORUM+MODEL_CPP	HIGH	CORRECTED	MAP_MAGIC_FORMULA	Usar MP atual para fortalecer magia: fórmula sugerida `Base MAG = MAG + sqrt(MP / 2) + Focus stacks`, com bônus de MAG por faixas de MP: 0–1: +0; 2–7: +1; 8–17: +2; 18–31: +3; 32–49: +4; 50–71: +5; 72–97: +6; 98–127: +7; 128–161: +8; 162–199: +9; 200–241: +10. A anotação sobre efeitos MP-0 limitarem o bônus a +3 precisa ser esclarecida.
MOD-002-21	MOD-002	93	DATA_HOOK	PE11+MODEL_CPP	MEDIUM	MODEL_PARTIAL	RT2_FINITE	Permitir que certos Overdrives sejam usados antes de encher a barra, cobrando menos que 100% quando a habilidade exigir menos.
MOD-002-22	MOD-002	94	HOOK	FORUM	LOW	NEEDS_RE	MAP_SWITCH_CTB	Opcionalmente fazer a troca de personagem consumir um turno. Kari considera a troca livre parte central do combate de FFX; aceitou a possibilidade como opção para modders experimentarem, sem decisão de padrão.
MOD-002-23	MOD-002	95	HOOK	MODEL_CPP	MEDIUM	MODEL_PARTIAL	RT2_FINITE	Quando um personagem for ejetado ou estilhaçado, colocar o primeiro personagem disponível da retaguarda em seu lugar, em vez de deixar a posição vazia. Verificar restrições de troca nas áreas de natação.
MOD-002-24	MOD-002	96	HOOK	MODEL_CPP	MEDIUM	MODEL_PARTIAL	MAP_AP_AWARD	Conceder AP a todos os personagens disponíveis ao fim da batalha, independentemente de participação ou KO, respeitando as armas com No AP, Double AP, Triple AP ou Overdrive→AP. A conversa registra casos de combate com personagens bloqueados ou ocultos e possíveis perdas de AP em batalhas consecutivas.
MOD-002-25	MOD-002	105	DATA_HOOK	FORUM+MODEL_CPP	MEDIUM	MODEL_PARTIAL	DEFINE_CRIT	**Hero's Bravery:** +25% de chance de causar crítico e +25% de chance de receber crítico.
MOD-002-26	MOD-002	106	DATA_HOOK	FORUM+MODEL_CPP	HIGH	CORRECTED	DEFINE_ELEMENT_BOOST	**Bônus elemental:** a anotação propõe dano/cura elemental x1,2 e relaciona o efeito à barra de Overdrive acima de 50%; a sintaxe original está incompleta e deve ser confirmada.
MOD-002-27	MOD-002	107	DATA_HOOK	MODEL_CPP	MEDIUM	MODEL_PARTIAL	DEFINE_STACKING	**Energy Burst:** dano e cura x1,4 enquanto a barra de Overdrive permanece acima de 75%; a proposta diz que acumula aditivamente com Energy Boost, chegando a x1,65.
MOD-002-28	MOD-002	108	DATA_HOOK	FORUM+MODEL_CPP	MEDIUM	MODEL_PARTIAL	DEFINE_COST_ROUNDING	**Efficiency:** reduzir em 25% custos de MP e Overdrive; combinada com Half MP Cost, a redução de custo de MP chegaria a 75%.
MOD-002-29	MOD-002	109	DATA_HOOK	FORUM+MODEL_CPP	MEDIUM	MODEL_PARTIAL	MAP_KILL_EVENT	**Vampirism:** ao derrotar um inimigo, recuperar 25% do HP máximo dele, usando a condição de Slayer e ignorando Zombie.
MOD-002-30	MOD-002	110	HOOK	FORUM	LOW	NEEDS_RE	MAP_COUNTER_EVENT	**Assist Attack / Follow Up:** atacar automaticamente o mesmo alvo quando um aliado usar um ataque de HP de alvo único. Dawn prefere o nome Follow Up.
MOD-002-31	MOD-002	114	DATA_HOOK	FORUM+MODEL_CPP	MEDIUM	MODEL_PARTIAL	DEFINE_DAMAGE_TYPES	**P-Trade / M-Trade:** trocar mitigação entre dano físico e mágico; P-Trade recebe dano físico x0,8 e mágico x1,2, e M-Trade faz o inverso.
MOD-002-32	MOD-002	115	DECISION	FORUM	LOW	NEEDS_SPEC	DEFINE_CRIT	**Hero's Caution:** descrição copiada diz que nunca causaria crítico aleatório, mas repete a mesma frase para o efeito negativo; confirmar o comportamento pretendido. Hero Drink seria uma exceção e garantiria crítico.
MOD-002-33	MOD-002	116	DATA_HOOK	FORUM+MODEL_CPP	MEDIUM	MODEL_PARTIAL	MAP_TURN_START	**MP Regen:** recuperar 2% do MP máximo no começo do turno; a anotação considera reaproveitar o ponto de hook do booster F2, cuidando de trocas de personagem e modos de Overdrive.
MOD-002-34	MOD-002	117	DATA_HOOK	FORUM+MODEL_CPP	MEDIUM	MODEL_PARTIAL	MAP_GUARD_EVA	**Elude:** +50 de Evasion ao defender.
MOD-002-35	MOD-002	118	DATA_HOOK	MODEL_CPP	MEDIUM	MODEL_PARTIAL	DEFINE_STACKING	**Energy Wall:** dano recebido x0,8 enquanto a barra de Overdrive permanece acima de 50%; não afetaria cura nem fórmulas de dano fixo fracionário.
MOD-002-36	MOD-002	119	DATA_HOOK	MODEL_CPP	MEDIUM	MODEL_PARTIAL	DEFINE_STACKING	**Energy Barrier:** dano recebido x0,7 enquanto a barra permanece acima de 75%; acumularia aditivamente com Energy Wall até x0,5.
MOD-002-37	MOD-002	120	DATA_HOOK	EDITOR_CMD+EDITOR_GEAR	LOW	NEEDS_RE	MAP_EQUIP_MENU	Disponibilizar em combate as habilidades ativas da arma ou armadura enquanto a peça estiver equipada.
MOD-002-38	MOD-002	121	UI_HOOK	PE11+MODEL_CPP	MEDIUM	MODEL_PARTIAL	MAP_OD_UI	Dar às habilidades de equipamento custo parcial de Overdrive e mostrar visualmente a parte consumida em branco e a parte que falta em vermelho. A autora esclareceu que pensava em habilidades multiplicadoras, não em habilidades que gastam grandes partes da barra.
MOD-002-39	MOD-002	125	DECISION	FORUM	LOW	NEEDS_SPEC	DEFINE_PACKAGE	Criar no Fahrenheit uma coleção de patches gerais de engine para outros mods reutilizarem, evitando que cada um reimplemente correções de runtime complexas. peppy comparou a ideia ao USSEP de Skyrim; alterações específicas de Master's Challenge, como o overhaul do limite de dano, ficariam fora.
MOD-002-40	MOD-002	126	DECISION	FORUM	HIGH	STATIC_PASS	NO_ACTION	Usar o termo **Patches** em vez de **Fixes** para não dar a entender que toda alteração subjetiva corrige um bug real do jogo.
MOD-002-41	MOD-002	127	DECISION	PE11+EDITOR_CMD	MEDIUM	NEEDS_SPEC	FORMULA_ID	Decidir se as fórmulas vanilla não usadas devem ser reaproveitadas ou se novas constantes/fórmulas devem ser adicionadas, preservando as existentes quando possível.
MOD-002-42	MOD-002	128	DECISION	FORUM	LOW	NEEDS_SPEC	DEFINE_PACKAGE	Delimitar o conjunto entre correções de problemas objetivos e mudanças subjetivas de balanceamento/expansão. A conversa questiona explicitamente se a coleção deveria incluir apenas bugs, o patch de 4 GB e/ou extensões de gameplay.
MOD-002-43	MOD-002	129	DECISION	FORUM	LOW	NEEDS_SPEC	DEFINE_STACKING	Reavaliar amplificadores multiplicativos de dano: Dawn Veilwinter depois considerou Energy Boost/Burst má ideia, pois FFX é conservador com amplificação de dano e multiplicadores podem incentivar min-maxing.
MOD-002-44	MOD-002	131	RESEARCH	FORUM	LOW	NEEDS_SPEC	CONFIRM_CTB_TEXT	Confirmar o fragmento de 04/11/2025 sobre summon e CTB antes de registrar uma mudança: o trecho explica que personagens fora de campo mantêm seu CTB e que quase todos os Aeons recebem um turno imediato ao serem invocados, mas não conserva a proposta que iniciou a conversa.
MOD-002-45	MOD-002	135	DATA_HOOK	AEON_BREAK_RECIPE+AEON_WORKSHOP+AEON_CAP_PE+AA_EXPANSION	MEDIUM	RT0_PASS	AEON_HP_CAP_RT1	**Aeon Break HP/MP Limit:** nova auto-habilidade de armadura exclusiva de Aeons aliados, aplicável somente pelo Workshop, com HP até 999.999 e MP até 9.999. Receita proposta: 60 Wings to Discovery, 60 Three Stars, 30 Underdog's Secret, 2 Master Spheres e 10.000.000 Gil finais.
MOD-002-46	MOD-002	136	DATA_HOOK	AEON_BREAK_RECIPE+AEON_WORKSHOP+AEON_CAP_PE+AA_EXPANSION	MEDIUM	RT0_PASS	AEON_DAMAGE_CAP_RT1	**Aeon Break Damage Limit:** nova auto-habilidade de arma exclusiva de Aeons aliados, aplicável somente pelo Workshop, com dano até 999.999 por hit. Receita proposta: 99 Dark Matter, 30 Winning Formula, 20 Gambler's Spirit, 3 Master Spheres e 15.000.000 Gil finais.
MOD-002-47	MOD-002	138	DATA_HOOK	SPIRA_AA_SNAPSHOT+AA_EXPANSION	MEDIUM	RT0_PASS	SPIRA_EFFECTS_AND_OWNER_RT1	**Catálogo Spira Reforge de equipamentos:** integrar Mana Spring, Break Limits, Devil's Bargain, Double/Triple Drop, custom134, famílias HPMP/AIO e reworks; registrar Warden's Oath (Auron) e Arcane Focus (Lulu) com gates por owner, mantendo direções ainda abertas dos demais personagens e distinguindo dados, Hook existente e proposta. [Parte 2 consolidada](<mod-ideas/PARTE 2 MOD 002.md>); snapshot pré-criação de 27/09 detectou divergências entre catálogo histórico e dados JP/US. Após autorização, foram criadas27 linhas aditivas148–174, preservando0–147; Double/Triple Drop155/156 receberam markers. [Relatório aplicado](research/AUTOABILITY_SPIRA_AEON_CREATION_2026-09-27.md).
MOD-003-01	MOD-003	167	HOOK	FANTASIA+PE11+MODEL_CPP	HIGH	MODEL_PASS	RT2_FINITE	**Rebalanced Elemental Affinities:** regra configurável para combinar afinidades. **Favorable** ignora afinidades piores quando existem melhores; **Fair** considera todas; **Unfavorable** ignora as melhores quando existem piores.
MOD-003-02	MOD-003	169	DATA_HOOK	PLY_SAVE+EDITOR_CMD+HOOKS_KIM	MEDIUM	SOURCE_ONLY	MAP_NEW_GAME	**Useful Kimahri:** opção para começar com Fire, Blizzard, Thunder, Water, Esuna, Cure, Dark Attack, Power Break e Cheer; opção separada para começar com 3 Sphere Levels, configurável por Sphere Grid.
MOD-003-03	MOD-003	173	DECISION	EDITOR_MIX	MEDIUM	NEEDS_SPEC	DEFINE_MIX	**Mix Overhaul:** proposta citada sem detalhes no trecho enviado.
MOD-003-04	MOD-003	174	ASSET_GATE	FORUM	LOW	NEEDS_RE	ASSET_COMPATIBILITY	**Water Aeon:** Geosgaeno no lugar de Anima. É diferente da proposta MOD-001 de tornar Valefor elemental de Water.
MOD-003-05	MOD-003	178	DATA_HOOK	EDITOR_CMD	LOW	NEEDS_RE	MAP_DOUBLECAST	Fazer Doublecast incluir White Magic.
MOD-003-06	MOD-003	179	ATEL_OR_HOOK	ATEL_REF	MEDIUM	SOURCE_ONLY	MAP_BOSS_SCRIPTS	Zerar a carga de Overdrive no início de batalhas contra chefes.
MOD-003-07	MOD-003	180	DATA_HOOK	EDITOR_CMD	LOW	NEEDS_SPEC	IDENTIFY_ITEMS	Dar usos a itens normalmente disponíveis apenas via Customize (**Useful Items**).
MOD-003-08	MOD-003	181	ATEL_OR_HOOK	FORUM	LOW	NEEDS_RE	MAP_LIGHTNING_EVENT	Fazer raios na Thunder Plains causarem dano configurável — incluindo a fórmula — a Tidus, à linha de frente ou ao grupo; o exemplo é 50 de dano, reduzindo HP até no mínimo 1.
MOD-003-09	MOD-003	185	DATA_HOOK	MODEL_CPP	MEDIUM	MODEL_PARTIAL	DEFINE_RANK	**Quickcast:** substituir Doublecast por uma magia de rank reduzido a custo de MP dobrado; o post deixa em aberto se o rank deve ser reduzido pela metade (com mínimo 2) ou simplesmente definido como 2.
MOD-003-10	MOD-003	186	HOOK	MODEL_CPP	MEDIUM	MODEL_PARTIAL	DEFINE_FURY	**Fury Overdrive:** consumir todo o MP para fortalecer uma única magia. Cada rotação acrescentaria 4 MP ao custo, de forma configurável.
MOD-003-11	MOD-003	189	DATA_HOOK	EDITOR_CMD+PE11	MEDIUM	SOURCE_ONLY	MAP_SUMMON_MENU	Fazer Yuna invocar apenas por Grand Summon, removendo Summon normal; opção para Grand Summon não invocar com Overdrive.
MOD-003-12	MOD-003	190	HOOK	LUNA_IDA	LOW	NEEDS_SPEC	DEFINE_STATUS	Fazer statuses persistirem; o trecho não especifica quais durações ou transições mudariam.
MOD-003-13	MOD-003	191	HOOK	LUNA_IDA	LOW	NEEDS_SPEC	DEFINE_KO	Fazer KO persistir; o trecho não detalha quando ou como o personagem voltaria.
MOD-003-14	MOD-003	192	DATA_HOOK	PE11	LOW	NEEDS_RE	MAP_ABSORB_EVENT	Fazer Fire Eater alimentar a carga de Overdrive em vez de recuperar HP.
MOD-003-15	MOD-003	196	UI_HOOK	FORUM	LOW	NEEDS_RE	MAP_BATTLE_HUD	Mostrar ícones de quais personagens ainda não participaram da batalha.
MOD-003-16	MOD-003	197	UI_HOOK	LUNA_IDA	MEDIUM	SOURCE_ONLY	MAP_BATTLE_HUD	Mostrar ícones de status em vez de depender do texto que muda.
MOD-003-17	MOD-003	198	UI_HOOK	FORUM	LOW	NEEDS_RE	MAP_SUMMON_HUD	Exibir HP/MP dos Aeons sem abrir o menu Summon.
MOD-003-18	MOD-003	199	UI_HOOK	SAVE_CODE	LOW	NEEDS_RE	MAP_ARENA_FLAGS	Mostrar quais chefes da Monster Arena já foram derrotados.
MOD-003-19	MOD-003	200	DATA_HOOK	EDITOR_CMD	LOW	NEEDS_RE	MAP_SPHERE_MONITOR	Permitir encontros personalizados no Sphere Monitor.
MOD-003-20	MOD-003	201	DECISION	FORUM	LOW	NEEDS_SPEC	DEFINE_INSTANT	Tornar instantâneas as poções da mala/suitcase.
MOD-003-21	MOD-003	202	UI_HOOK	FORUM	LOW	NEEDS_RE	MAP_CTB_PREVIEW	Pré-visualizar a ordem de turnos após revival com Phoenix Down, Mega-Phoenix, Life ou Full Life.
MOD-003-22	MOD-003	206	ATEL_OR_HOOK	FORUM	LOW	NEEDS_RE	MAP_BUTTERFLY_FLAGS	Exigir que todos os minigames de borboletas sejam vencidos para liberar o próximo, evitando perder recompensas.
MOD-003-23	MOD-003	207	HOOK	SAVE_CODE	LOW	NEEDS_RE	MAP_BATTLE_SAVE	Não salvar mudanças de formação feitas durante a batalha.
MOD-003-24	MOD-003	208	HOOK	SAVE4	LOW	BLOCKED_SAVE	FIX_SAVE_LAYOUT	Não salvar mudanças de equipamento feitas durante a batalha.
MOD-003-25	MOD-003	209	DATA_HOOK	EDITOR_CMD	LOW	NEEDS_RE	MAP_SPHERE_MONITOR	Adicionar mais encontros no Sphere Monitor.
MOD-003-26	MOD-003	210	DATA	EDITOR_TEXT	MEDIUM	SOURCE_ONLY	TEXT_RT0	Renomear Soft para **Golden Needle**, além de outros nomes alternativos para itens.
MOD-004-01	MOD-004	238	DATA_HOOK	EDITOR_GEAR+SAVE4+MODEL_CPP	HIGH	BLOCKED_SAVE	FIX_SAVE_LAYOUT	**Reforjar:** mudar o dono e a categoria de uma arma ou armadura; exemplos: Ring de Yuna virar Shield de Tidus, ou Katana de Auron virar Spear de Kimahri.
MOD-004-02	MOD-004	239	DATA_HOOK	EDITOR_GEAR+SAVE4+MODEL_CPP	HIGH	BLOCKED_SAVE	FIX_SAVE_LAYOUT	**Fundir equipamentos:** escolher uma peça como base e transferir até duas habilidades da peça consumida para quaisquer slots da base, ocupados ou vazios.
MOD-004-03	MOD-004	241	DATA_HOOK	EDITOR_GEAR+SAVE4+MODEL_CPP	HIGH	BLOCKED_SAVE	DEFINE_SLOT_COST	**Expandir slots:** como opção de Customize, adicionar slots vazios a armas ou armaduras com menos de quatro.
MOD-004-04	MOD-004	242	DATA_HOOK	SAVE4+MODEL_CPP	HIGH	BLOCKED_SAVE	FIX_SAVE_LAYOUT	**Remover habilidades:** usar Clear Spheres como opção de Customize para apagar habilidades existentes. Kari considera que isso pode ser redundante se fusão permitir substituir habilidades, mas também uma alternativa mais flexível.
MOD-004-05	MOD-004	246	HOOK	MODEL_REFINEMENT+IDA_CUSTOMIZE+SAVE_FIXTURE	HIGH	MODEL_PARTIAL	REFINEMENT_EFFECTS_RT1	Refinar armas/armaduras até +10, com custos e efeitos derivados das auto-habilidades da peça; drops podem vir pré-refinados. Dawn apresentou a noção de +10 em 20/03/2026; o usuário detalhou duas regras alternativas em 23/09/2026.
MOD-004-06	MOD-004	251	DATA_HOOK	MODEL_CPP+SAVE4	MEDIUM	BLOCKED_SAVE	DEFINE_EVOLUTION	Permitir “evoluir” habilidades, como Darktouch para Darkstrike ou HP +10% para HP +20%.
MOD-005-01	MOD-005	281	HOOK	PE_MOD005+SAVE_FIXTURE+EDITOR_GEAR	HIGH	NEEDS_RE	SIDECAR_RT1	Implementar uma quinta auto-habilidade por peça, com efeito real em combate, customização/visualização coerentes e persistência correta após save/load.
MOD-006-01	MOD-006	298	HOOK	LOCALE_RE+ENCODING_CORPUS+EDITOR_LOCALE	MEDIUM	NEEDS_RE	MAP_LANGUAGE_MENU_AND_RESOURCES	Registrar e selecionar um idioma textual adicional no jogo via Hook, carregando seus próprios recursos de texto/fontes e preservando integralmente as opções e arquivos vanilla, com fallback seguro quando o mod ou uma tradução parcial não estiver disponível.
MOD-007-01	MOD-007	308	DATA_HOOK	PE_MOD007+ELEMENT_SOURCE+MODEL_ELEMENTS	MEDIUM	MODEL_PARTIAL	ELEMENT_PIPELINE_RT1	Implementar Elemental Dominion em fases: oito bits nativos visíveis simultaneamente; afinidades numéricas de 15 patamares; Imperil/Ward; Gravity por comando/alvo; registro externo para 9º/10º elementos independentes; preview/exportação OnlyMod e contratos de coexistência com Workshop/Nul/Difficulty.
TEMPLATE-01	TEMPLATE	332	TEMPLATE	BACKLOG	HIGH	META	NO_ACTION	(template checkbox)
TEMPLATE-02	TEMPLATE	340	TEMPLATE	BACKLOG	HIGH	META	NO_ACTION	(template checkbox)
