Development setting saved. Prices stay visible; fusion still destroys its donor.	Opção de desenvolvimento salva. Preços continuam visíveis; a fusão ainda destrói o doador.	Opción de desarrollo guardada. Los precios siguen visibles; la fusión destruye al donante.	Option de développement enregistrée. Les prix restent visibles ; la fusion détruit le donneur.	Opzione di sviluppo salvata. I prezzi restano visibili; la fusione distrugge il donatore.	Entwicklungsoption gespeichert. Preise bleiben sichtbar; Fusion zerstört weiterhin den Spender.	開発設定を保存しました。価格表示は残り、融合で素材装備は消失します。	개발 설정을 저장했습니다. 가격은 계속 표시되며 융합 시 재료 장비는 소멸합니다.	开发设置已保存。价格仍会显示；融合仍会销毁供体装备。
Element choice saved. Applies next Scan frame when the master is enabled.	Elemento salvo. Aplicado no próximo quadro do Scan quando o controle principal estiver ativado.	Elemento guardado. Se aplica en el siguiente cuadro de Scan si el control principal está activo.	Élément enregistré. Appliqué à la prochaine image de Scan si l'option principale est activée.	Elemento salvato. Si applica al prossimo fotogramma di Scan con l'opzione principale attiva.	Elementauswahl gespeichert. Gilt im nächsten Scan-Bild bei aktiviertem Hauptschalter.	属性の選択を保存しました。主設定が有効なら次のScan描画から適用されます。	속성 선택을 저장했습니다. 상위 설정이 켜져 있으면 다음 Scan 화면부터 적용됩니다.	属性选择已保存。主开关启用时，将在下一帧Scan中生效。
ID rejected or save failed. Use a matching neutral row outside battle.	ID rejeitado ou falha ao salvar. Use uma entrada neutra compatível fora da batalha.	ID rechazado o error al guardar. Usa una entrada neutra compatible fuera de combate.	ID refusé ou échec d'enregistrement. Utilisez une entrée neutre compatible hors combat.	ID rifiutato o salvataggio fallito. Usa una voce neutra compatibile fuori dalla battaglia.	ID abgelehnt oder Speichern fehlgeschlagen. Passenden neutralen Eintrag außerhalb des Kampfes verwenden.	IDが拒否されたか保存に失敗しました。戦闘外で適合する未使用エントリを選んでください。	ID가 거부되었거나 저장에 실패했습니다. 전투 밖에서 호환되는 중립 항목을 사용하세요.	ID被拒绝或保存失败。请在战斗外使用匹配的中性条目。
Input rejected. Backspace or Delete to correct the name.	Entrada rejeitada. Use Backspace ou Delete para corrigir o nome.	Entrada rechazada. Usa Retroceso o Supr para corregir el nombre.	Saisie refusée. Corrigez le nom avec Retour arrière ou Suppr.	Input rifiutato. Correggi il nome con Backspace o Canc.	Eingabe abgelehnt. Namen mit Rücktaste oder Entf korrigieren.	入力が拒否されました。BackspaceまたはDeleteで名前を修正してください。	입력이 거부되었습니다. Backspace 또는 Delete로 이름을 수정하세요.	输入被拒绝。请用Backspace或Delete修正名称。
Invalid Workshop setting. Select a valid mode; check other INI costs.	Configuração do Workshop inválida. Selecione um modo válido e confira os demais custos no INI.	Configuración de Workshop no válida. Selecciona un modo válido y revisa los otros costes del INI.	Réglage Workshop invalide. Choisissez un mode valide et vérifiez les autres coûts dans l'INI.	Impostazione Workshop non valida. Seleziona una modalità valida e controlla gli altri costi INI.	Ungültige Workshop-Einstellung. Gültigen Modus wählen und weitere INI-Kosten prüfen.	Workshop設定が無効です。有効なモードを選び、INI内の他のコストも確認してください。	Workshop 설정이 잘못되었습니다. 유효한 모드를 선택하고 INI의 다른 비용도 확인하세요.	Workshop设置无效。请选择有效模式，并检查INI中的其他费用。
Kernel or mapping changed. Cancel and review a fresh selection.	Kernel ou mapeamento alterado. Cancele e revise uma nova seleção.	El kernel o el mapeo cambió. Cancela y revisa una nueva selección.	Le kernel ou l'association a changé. Annulez et vérifiez une nouvelle sélection.	Il kernel o la mappatura è cambiato. Annulla e verifica una nuova selezione.	Kernel oder Zuordnung geändert. Abbrechen und eine neue Auswahl prüfen.	カーネルまたは割り当てが変更されました。キャンセルして選び直してください。	커널 또는 매핑이 변경되었습니다. 취소한 뒤 새로 선택하고 확인하세요.	内核或映射已更改。请取消并重新检查选择。
Loaded command validator unavailable. Nothing was changed.	Validador dos comandos carregados indisponível. Nada foi alterado.	El validador de comandos cargados no está disponible. No se cambió nada.	Le validateur des commandes chargées est indisponible. Rien n'a été modifié.	Validatore dei comandi caricati non disponibile. Nessuna modifica effettuata.	Prüfung geladener Befehle nicht verfügbar. Nichts wurde geändert.	読み込まれたコマンドの検証機能が利用できません。変更はありません。	불러온 명령 검증기를 사용할 수 없습니다. 변경된 내용이 없습니다.	已加载命令的验证器不可用。未作任何更改。
Loaded kernel unavailable. No mapping was changed.	Kernel carregado indisponível. Nenhum mapeamento foi alterado.	El kernel cargado no está disponible. No se cambió ningún mapeo.	Le kernel chargé est indisponible. Aucune association n'a été modifiée.	Kernel caricato non disponibile. Nessuna mappatura modificata.	Geladener Kernel nicht verfügbar. Keine Zuordnung wurde geändert.	読み込まれたカーネルが利用できません。割り当ては変更されていません。	불러온 커널을 사용할 수 없습니다. 매핑은 변경되지 않았습니다.	已加载的内核不可用。未更改任何映射。
Mapping saved. Shortcuts still use physical buttons.	Mapeamento salvo. Atalhos continuam usando os botões físicos.	Mapeo guardado. Los atajos siguen usando los botones físicos.	Association enregistrée. Les raccourcis utilisent toujours les boutons physiques.	Mappatura salvata. Le scorciatoie usano ancora i pulsanti fisici.	Zuordnung gespeichert. Tastenkürzel verwenden weiterhin die physischen Tasten.	割り当てを保存しました。ショートカットは引き続き物理ボタンを使用します。	매핑을 저장했습니다. 단축키는 계속 실제 버튼을 사용합니다.	映射已保存。快捷键仍使用物理按键。
Multiplier saved. Other monsters and reward types are unchanged.	Multiplicador salvo. Outros monstros e tipos de recompensa não foram alterados.	Multiplicador guardado. Los demás monstruos y tipos de recompensa no cambian.	Multiplicateur enregistré. Les autres monstres et types de récompenses restent inchangés.	Moltiplicatore salvato. Altri mostri e tipi di ricompensa restano invariati.	Multiplikator gespeichert. Andere Monster und Belohnungsarten bleiben unverändert.	倍率を保存しました。他のモンスターや報酬の種類は変更されていません。	배율을 저장했습니다. 다른 몬스터와 보상 유형은 변경되지 않았습니다.	倍率已保存。其他怪物和奖励类型保持不变。
Native implementation unavailable. No setting was enabled.	Implementação nativa indisponível. Nenhuma configuração foi ativada.	La implementación nativa no está disponible. No se activó ningún ajuste.	L'implémentation native est indisponible. Aucun réglage n'a été activé.	Implementazione nativa non disponibile. Nessuna impostazione attivata.	Native Implementierung nicht verfügbar. Keine Einstellung wurde aktiviert.	ネイティブ実装が利用できません。設定は有効化されていません。	네이티브 구현을 사용할 수 없습니다. 활성화된 설정이 없습니다.	原生实现不可用。未启用任何设置。
No XInput controller detected. Connect it or enable Steam Input.	Nenhum controle XInput detectado. Conecte um ou ative o Steam Input.	No se detectó un mando XInput. Conéctalo o activa Steam Input.	Aucune manette XInput détectée. Connectez-en une ou activez Steam Input.	Nessun controller XInput rilevato. Collegane uno o attiva Steam Input.	Kein XInput-Controller erkannt. Controller anschließen oder Steam Input aktivieren.	XInputコントローラーが検出されません。接続するかSteam Inputを有効にしてください。	XInput 컨트롤러를 찾을 수 없습니다. 연결하거나 Steam Input을 켜세요.	未检测到XInput控制器。请连接控制器或启用Steam Input。
Preference saved. An external override still controls this feature.	Preferência salva. Uma prioridade externa ainda controla este recurso.	Preferencia guardada. Una anulación externa aún controla esta función.	Préférence enregistrée. Un réglage externe prioritaire contrôle toujours cette fonction.	Preferenza salvata. Un'impostazione esterna prioritaria controlla ancora questa funzione.	Einstellung gespeichert. Eine externe Vorgabe steuert diese Funktion weiterhin.	設定を保存しました。この機能には引き続き外部設定が優先されます。	설정을 저장했습니다. 외부 우선 설정이 계속 이 기능을 제어합니다.	偏好已保存。此功能仍由外部覆盖设置控制。
Saved for future refinements. Existing ability ranks are unchanged.	Salvo para refinamentos futuros. Níveis das habilidades existentes não foram alterados.	Guardado para futuros refinamientos. Los rangos actuales de habilidades no cambian.	Enregistré pour les futurs raffinements. Les rangs existants des compétences restent inchangés.	Salvato per i prossimi perfezionamenti. I livelli delle abilità esistenti restano invariati.	Für künftige Veredelungen gespeichert. Vorhandene Fähigkeitsränge bleiben unverändert.	今後の強化用に保存しました。既存のアビリティランクは変更されていません。	이후 제련에 사용할 설정을 저장했습니다. 기존 능력 등급은 변경되지 않았습니다.	已保存用于后续强化。现有能力等级保持不变。
Shortcut not saved. Avoid reserved or duplicate combinations.	Atalho não salvo. Evite combinações reservadas ou duplicadas.	Atajo no guardado. Evita combinaciones reservadas o duplicadas.	Raccourci non enregistré. Évitez les combinaisons réservées ou en double.	Scorciatoia non salvata. Evita combinazioni riservate o duplicate.	Tastenkürzel nicht gespeichert. Reservierte oder doppelte Kombinationen vermeiden.	ショートカットは保存されていません。予約済みや重複した組み合わせを避けてください。	단축키를 저장하지 못했습니다. 예약되었거나 중복된 조합은 피하세요.	快捷键未保存。请避免保留或重复的组合。
Validated mapping saved. Binary names and rows were not modified.	Mapeamento validado salvo. Nomes e entradas binárias não foram modificados.	Mapeo validado guardado. Los nombres y las entradas binarias no se modificaron.	Association validée enregistrée. Les noms et les entrées binaires n'ont pas été modifiés.	Mappatura convalidata salvata. Nomi e voci binarie non sono stati modificati.	Geprüfte Zuordnung gespeichert. Binärnamen und Einträge wurden nicht verändert.	検証済みの割り当てを保存しました。バイナリ内の名前やエントリは変更されていません。	검증된 매핑을 저장했습니다. 바이너리 이름과 항목은 수정되지 않았습니다.	已保存验证通过的映射。二进制名称和条目未修改。
