# Jarvis-HOOK: additional mod help; all nine locales.
RESTART REQUIRED - 8 native + 2 built-in custom elements.	REINICIE - 8 elementos nativos e 2 personalizados integrados.	REINICIA - 8 elementos nativos y 2 personalizados integrados.	REDÉMARRAGE - 8 éléments natifs et 2 personnalisés intégrés.	RIAVVIO - 8 elementi nativi e 2 personalizzati integrati.	NEUSTART - 8 native und 2 integrierte eigene Elemente.	要再起動 - 標準8属性と内蔵の追加2属性。	재시작 필요 - 기본 속성 8개와 내장 사용자 속성 2개.	需要重启 - 8 种原生元素和 2 种内置自定义元素。
RESTART REQUIRED - Boss max HP /16; immunity; nonlethal.	REINICIE - HP máximo do chefe /16; respeita imunidade; não letal.	REINICIA - HP máximos del jefe /16; respeta inmunidad; no letal.	REDÉMARRAGE - PV max du boss /16 ; immunité respectée ; non létal.	RIAVVIO - HP massimi del boss /16; rispetta immunità; non letale.	NEUSTART - Max. Boss-HP /16; Immunität beachten; nicht tödlich.	要再起動 - ボス最大HPの1/16。無効耐性を尊重し、致死にはしません。	재시작 필요 - 보스 최대 HP /16. 면역 적용, 치명적 피해 없음.	需要重启 - 首领最大 HP 的 1/16；遵守免疫；不会致死。
RESTART REQUIRED - Holy/Shadow VFX; no element granted.	REINICIE - Efeitos visuais Sagrado/Sombra; não concede elemento.	REINICIA - Efectos visuales de luz/sombra; no otorga elementos.	REDÉMARRAGE - Effets visuels sacré/ombre ; aucun élément accordé.	RIAVVIO - Effetti visivi sacro/ombra; non assegna elementi.	NEUSTART - Heilig-/Schatteneffekte; gewährt kein Element.	要再起動 - 聖・影の視覚効果。属性自体は付与しません。	재시작 필요 - 신성/그림자 시각 효과. 속성은 부여하지 않습니다.	需要重启 - 神圣/暗影视觉效果；不赋予元素属性。
RESTART REQUIRED - Imperil, Ward and Nul per target action.	REINICIE - Imperil, Ward e Nul por ação sobre cada alvo.	REINICIA - Imperil, Ward y Nul por acción sobre cada objetivo.	REDÉMARRAGE - Imperil, Ward et Nul par action sur chaque cible.	RIAVVIO - Imperil, Ward e Nul per azione su ogni bersaglio.	NEUSTART - Imperil, Ward und Nul je Zielaktion.	要再起動 - 対象ごとの行動でImperil・Ward・Nulを処理。	재시작 필요 - 대상별 행동에 Imperil, Ward, Nul을 적용합니다.	需要重启 - 按每个目标的行动处理 Imperil、Ward 和 Nul。
RESTART REQUIRED - Offensive magic BDL cap: 999999 per HP hit.	REINICIE - Limite BDL de magia ofensiva: 999999 por golpe de HP.	REINICIA - Límite BDL de magia ofensiva: 999999 por golpe de HP.	REDÉMARRAGE - Plafond BDL de magie offensive : 999999 par impact PV.	RIAVVIO - Limite BDL magia offensiva: 999999 per colpo agli HP.	NEUSTART - BDL-Grenze offensiver Magie: 999999 je HP-Treffer.	要再起動 - 攻撃魔法の限界突破上限はHPダメージ1回につき999999。	재시작 필요 - 공격 마법 BDL 한도: HP 타격당 999999.	需要重启 - 攻击魔法突破伤害上限：每段 HP 伤害 999999。
RESTART REQUIRED - Paid Aeon caps; no HP or MP refill.	REINICIE - Limites dos Aeons pagos; não recupera HP ou MP.	REINICIA - Límites de eones de pago; no recupera HP ni PM.	REDÉMARRAGE - Plafonds des Chimères payants ; aucun soin PV/PM.	RIAVVIO - Limiti Eoni a pagamento; nessun ripristino HP o MP.	NEUSTART - Bezahlte Bestia-Grenzen; füllt HP oder MP nicht auf.	要再起動 - 召喚獣の上限を有料で拡張。HP・MPは回復しません。	재시작 필요 - 소환수 한도를 비용으로 확장. HP/MP 회복 없음.	需要重启 - 付费提升召唤兽上限；不会补充 HP 或 MP。
RESTART REQUIRED - Per-monster AP/Gil before native bonuses.	REINICIE - AP/Gil por monstro antes dos bônus nativos.	REINICIA - AP/guiles por monstruo antes de los bonos nativos.	REDÉMARRAGE - PC/Gils par monstre avant les bonus natifs.	RIAVVIO - AP/Guil per mostro prima dei bonus nativi.	NEUSTART - AP/Gil je Monster vor den nativen Boni.	要再起動 - 標準ボーナス適用前にモンスター別AP・ギル倍率を処理。	재시작 필요 - 기본 보너스 전에 몬스터별 AP/길 배율 적용.	需要重启 - 在原生加成之前应用每种怪物的 AP/金币倍率。
RESTART REQUIRED - Six Nuls; learn through Sphere Grid.	REINICIE - Seis magias Nul; aprenda pela Sphere Grid.	REINICIA - Seis magias Nul; se aprenden en el tablero de esferas.	REDÉMARRAGE - Six sorts Nul ; à apprendre dans le Sphérier.	RIAVVIO - Sei magie Nul; si apprendono nella Sferografia.	NEUSTART - Sechs Nul-Zauber; über das Sphärobrett erlernen.	要再起動 - 6種のNul魔法。スフィア盤で習得。	재시작 필요 - Nul 마법 6종. 스피어반에서 습득합니다.	需要重启 - 六种 Nul 魔法；通过晶球盘学习。
RESTART REQUIRED - Spira effects; Warden is Auron-only.	REINICIE - Efeitos Spira; Warden é exclusivo de Auron.	REINICIA - Efectos Spira; Warden es exclusivo de Auron.	REDÉMARRAGE - Effets Spira ; Warden est réservé à Auron.	RIAVVIO - Effetti Spira; Warden è esclusivo di Auron.	NEUSTART - Spira-Effekte; Warden ist nur für Auron.	要再起動 - Spira効果。Wardenはアーロン専用。	재시작 필요 - Spira 효과. Warden은 아론 전용입니다.	需要重启 - Spira 效果；Warden 为奥隆专用。
RESTART REQUIRED - Experimental PS2 RNG; NTSC clock model.	REINICIE - RNG do PS2 experimental; modelo de relógio NTSC.	REINICIA - RNG de PS2 experimental; modelo de reloj NTSC.	REDÉMARRAGE - RNG PS2 expérimental ; modèle d’horloge NTSC.	RIAVVIO - RNG PS2 sperimentale; modello di clock NTSC.	NEUSTART - Experimentelles PS2-RNG; NTSC-Taktmodell.	要再起動 - 試験的なPS2乱数。NTSCクロックモデルを使用。	재시작 필요 - 실험적 PS2 RNG. NTSC 클록 모델 사용.	需要重启 - 实验性 PS2 随机数；使用 NTSC 时钟模型。
